Band,Competency,Sub_Section,Q.No,Question
Band 5A,Communication,Strategic Clarity,1,"""When communicating organizational goals, how often do you translate strategy into clear, relatable messages for different audiences?"""
Band 5A,Communication,Strategic Clarity,2,"""How often do you adapt tone and content when addressing executives, managers, and frontline teams to ensure alignment?"""
Band 5A,Communication,Strategic Clarity,3,"""How often do you use visual or story-based methods to help people connect daily work to strategic priorities?"""
Band 5A,Communication,Strategic Clarity,4,"""How often do you emphasize the “why” behind initiatives to inspire understanding and purpose?"""
Band 5A,Communication,Strategic Clarity,5,"""How often do you check that the same message is interpreted consistently across regions, functions, or levels?"""
Band 5A,Communication,Influence,6,"""How often do you pre-align key stakeholders before major decisions to avoid surprises?"""
Band 5A,Communication,Influence,7,"""How often do you simplify competing priorities into shared team language and unified goals?"""
Band 5A,Communication,Influence,8,"""How often do you translate technical insights into business impact to create cross-functional clarity?"""
Band 5A,Communication,Influence,9,"""How often do you ensure that client or partner communications mirror internal narratives for consistency?"""
Band 5A,Communication,Influence,10,"""How often do you bridge alignment gaps between teams through dialogue rather than direction?"""
Band 5A,Communication,Inclusion,11,"""How often do you communicate with empathy and emotional intelligence to engage and motivate others?"""
Band 5A,Communication,Inclusion,12,"""When presenting, how often do you combine data with compelling narratives to drive belief?"""
Band 5A,Communication,Inclusion,13,"""How often do you actively seek out and amplify diverse or quieter voices in large forums?"""
Band 5A,Communication,Inclusion,14,"""How often do you facilitate town-halls or large meetings where people feel safe to ask tough questions?"""
Band 5A,Communication,Inclusion,15,"""How often do you recognize collective efforts publicly to build a sense of belonging?"""
Band 5A,Communication,Digital Presence,16,"""How often do you use digital platforms (Slack, Portals, Email) to maintain a transparent flow of strategic updates?"""
Band 5A,Communication,Digital Presence,17,"""How often do you model high-standard digital etiquette that others in the organization follow?"""
Band 5A,Communication,Digital Presence,18,"""How often do you summarize complex project health or risks into concise, 'executive-ready' digital dashboards?"""
Band 5A,Communication,Digital Presence,19,"""How often do you use asynchronous communication to reduce meeting fatigue while keeping teams informed?"""
Band 5A,Communication,Digital Presence,20,"""How often do you ensure that critical decisions made in private are documented and shared with relevant groups?"""
Band 5A,Communication,Feedback,21,"""How often do you provide constructive, forward-looking feedback to other leaders and teams?"""
Band 5A,Communication,Feedback,22,"""How often do you create formal and informal 'listening loops' to gather ground-level feedback?"""
Band 5A,Communication,Feedback,23,"""How often do you respond to critical feedback with transparency and a clear action plan?"""
Band 5A,Communication,Feedback,24,"""How often do you coach others on how to communicate more effectively?"""
Band 5A,Communication,Feedback,25,"""How often do you institutionalize rituals (like learning reviews) where open communication is the standard?"""
Band 5A,Teamwork,Cross-Functional,26,"""When priorities compete across functions, how often do you facilitate alignment that preserves enterprise value over silo wins?"""
Band 5A,Teamwork,Cross-Functional,27,"""Before major decisions, how often do you pre-align key leaders to minimize rework and downstream conflict?"""
Band 5A,Teamwork,Cross-Functional,28,"""How often do you translate technical/functional constraints into shared trade-offs the wider group can agree on?"""
Band 5A,Teamwork,Cross-Functional,29,"""How often do you create mechanisms (cadences, shared docs, SLAs) so teams can coordinate without you in the room?"""
Band 5A,Teamwork,Cross-Functional,30,"""How often do you make the “why” explicit so disparate teams see how their pieces fit the whole?"""
Band 5A,Teamwork,Empowerment,31,"""How often do you delegate outcomes with clear guardrails (scope, success criteria, risks) rather than tasks?"""
Band 5A,Teamwork,Empowerment,32,"""How often do you coach leads to resolve issues at their level before escalating?"""
Band 5A,Teamwork,Empowerment,33,"""How often do you identify and remove systemic blockers across teams (process, tooling, approvals)?"""
Band 5A,Teamwork,Empowerment,34,"""How often do you sponsor emerging leaders to run cross-team initiatives with visibility?"""
Band 5A,Teamwork,Empowerment,35,"""How often do you establish psychological safety so teams can challenge assumptions and raise risks early?"""
Band 5A,Teamwork,Conflict,36,"""How often do you surface brewing tensions early using facts and shared goals?"""
Band 5A,Teamwork,Conflict,37,"""When disputes arise, how often do you guide the group to solution options with explicit criteria (impact, risk)?"""
Band 5A,Teamwork,Conflict,38,"""How often do you build long-term trust with peers by delivering on shared commitments consistently?"""
Band 5A,Teamwork,Conflict,39,"""How often do you act as a mediator to help teams find 'third-way' solutions that satisfy both sides?"""
Band 5A,Teamwork,Conflict,40,"""How often do you invest time in understanding other departments' pressures to build empathy-led partnerships?"""
Band 5A,Teamwork,Distributed,41,"""How often do you ensure remote or distributed team members have equal visibility and 'voice' in decisions?"""
Band 5A,Teamwork,Distributed,42,"""How often do you use collaborative tech/tools to create a 'single source of truth' for the entire group?"""
Band 5A,Teamwork,Distributed,43,"""How often do you balance formal governance (meetings) with informal check-ins to maintain team social fabric?"""
Band 5A,Teamwork,Distributed,44,"""How often do you design workflows that account for different time zones or work styles without losing pace?"""
Band 5A,Teamwork,Distributed,45,"""How often do you model 'working in the loud' (transparent updates) so others feel safe doing the same?"""
Band 5A,Teamwork,Intelligence,46,"""How often do you facilitate 'Retrospectives' or 'Learning Loops' to turn team failures into organizational assets?"""
Band 5A,Teamwork,Intelligence,47,"""How often do you share resources, talent, or budget to help another team reach an enterprise goal?"""
Band 5A,Teamwork,Intelligence,48,"""How often do you credit teams and peers publicly for their specific contributions to a project's success?"""
Band 5A,Teamwork,Intelligence,49,"""How often do you use data and evidence to end 'opinion-driven' debates in team settings?"""
Band 5A,Teamwork,Intelligence,50,"""How often do you institutionalize 'knowledge-sharing' rituals where teams learn from each other's wins?"""
Band 5A,Accountability,Strategic,51,"""How often do you take ownership of cross-functional outcomes, not just your deliverables?"""
Band 5A,Accountability,Strategic,52,"""How often do you proactively align responsibilities with business objectives before initiating work?"""
Band 5A,Accountability,Strategic,53,"""How often do you ensure task clarity, dependencies, and success measures are documented before execution?"""
Band 5A,Accountability,Strategic,54,"""How often do you represent your team’s commitments transparently in leadership forums?"""
Band 5A,Accountability,Strategic,55,"""How often do you balance autonomy with accountability to ensure decisions reflect enterprise impact?"""
Band 5A,Accountability,Reliability,56,"""How often do you maintain delivery reliability under ambiguity or changing priorities?"""
Band 5A,Accountability,Reliability,57,"""How often do you plan contingencies and communicate early if commitments are at risk?"""
Band 5A,Accountability,Reliability,58,"""How often do you ensure inter-team dependencies are cleared before deadlines?"""
Band 5A,Accountability,Reliability,59,"""How often do you uphold quality benchmarks without external prompting?"""
Band 5A,Accountability,Reliability,60,"""How often do you reinforce delivery discipline through structured follow-ups and dashboards?"""
Band 5A,Accountability,Culture,61,"""How often do you create psychological safety for peers to own outcomes and admit misses?"""
Band 5A,Accountability,Culture,62,"""How often do you challenge unproductive behaviors that compromise team accountability?"""
Band 5A,Accountability,Culture,63,"""How often do you use post-mortems to focus on systems improvement rather than blame?"""
Band 5A,Accountability,Culture,64,"""How often do you coach mid-level leaders to instill a culture of follow-through?"""
Band 5A,Accountability,Culture,65,"""How often do you recognize and reward teams that demonstrate high ownership and reliability?"""
Band 5A,Accountability,Ethics,66,"""How often do you uphold organizational values and ethics, even under high-pressure situations?"""
Band 5A,Accountability,Ethics,67,"""How often do you demonstrate transparency in reporting failures or risks to stakeholders?"""
Band 5A,Accountability,Ethics,68,"""How often do you ensure that team actions align with long-term enterprise reputation?"""
Band 5A,Accountability,Ethics,69,"""How often do you address gaps in integrity or ethical standards within your influence zone?"""
Band 5A,Accountability,Ethics,70,"""How often do you model personal consistency between what you promise and what you do?"""
Band 5A,Accountability,Governance,71,"""How often do you review and update governance processes to improve accountability?"""
Band 5A,Accountability,Governance,72,"""How often do you leverage data to track accountability trends across teams?"""
Band 5A,Accountability,Governance,73,"""How often do you advocate for resources or tools that strengthen team reliability?"""
Band 5A,Accountability,Governance,74,"""How often do you ensure that lessons learned are institutionalized into future ownership models?"""
Band 5A,Accountability,Governance,75,"""How often do you seek external benchmarks to raise the standard of accountability in your function?"""
Band 5A,Adaptability,Change,76,"""How often do you re-align your team’s priorities quickly when business direction changes?"""
Band 5A,Adaptability,Change,77,"""How often do you communicate why change is necessary and connect it to long-term value?"""
Band 5A,Adaptability,Change,78,"""How often do you model calm, solution-focused behavior during ambiguity?"""
Band 5A,Adaptability,Change,79,"""How often do you involve peers early to co-create responses to unexpected challenges?"""
Band 5A,Adaptability,Change,80,"""How often do you treat shifting plans as opportunities to strengthen resilience and innovation?"""
Band 5A,Adaptability,Learning,81,"""How often do you set measurable learning goals linked to future-ready skills?"""
Band 5A,Adaptability,Learning,82,"""How often do you integrate learnings from projects into updated playbooks or SOPs?"""
Band 5A,Adaptability,Learning,83,"""How often do you encourage teams to experiment, reflect, and share outcomes openly?"""
Band 5A,Adaptability,Learning,84,"""How often do you seek feedback from diverse sources to accelerate learning?"""
Band 5A,Adaptability,Learning,85,"""How often do you translate personal learnings into mentoring or knowledge-sharing sessions?"""
Band 5A,Adaptability,Decision Pivot,86,"""How often do you make informed pivots when new evidence emerges?"""
Band 5A,Adaptability,Decision Pivot,87,"""How often do you test small pilots before scaling major initiatives?"""
Band 5A,Adaptability,Decision Pivot,88,"""How often do you re-prioritize resources without waiting for formal approval when urgency demands?"""
Band 5A,Adaptability,Decision Pivot,89,"""How often do you help teams balance stability with flexibility during transitions?"""
Band 5A,Adaptability,Decision Pivot,90,"""How often do you debrief rapid decision-making cycles to improve future response speed?"""
Band 5A,Adaptability,Resilience,91,"""How often do you view setbacks as data points for improvement rather than personal failures?"""
Band 5A,Adaptability,Resilience,92,"""How often do you sustain team morale and focus during high-pressure change periods?"""
Band 5A,Adaptability,Resilience,93,"""How often do you challenge 'that’s how we’ve always done it' thinking in your function?"""
Band 5A,Adaptability,Resilience,94,"""How often do you proactively unlearn outdated methods to adopt more efficient ones?"""
Band 5A,Adaptability,Resilience,95,"""How often do you celebrate the process of trying and learning, not just the final result?"""
Band 5A,Adaptability,Foresight,96,"""How often do you scan external trends (industry/tech) to anticipate shifts in business needs?"""
Band 5A,Adaptability,Foresight,97,"""How often do you prepare the team for future skill requirements before they become critical gaps?"""
Band 5A,Adaptability,Foresight,98,"""How often do you design systems that are modular or flexible enough to withstand future shifts?"""
Band 5A,Adaptability,Foresight,99,"""How often do you engage in scenario planning to reduce the shock of unexpected disruptions?"""
Band 5A,Adaptability,Foresight,100,"""How often do you build a network of diverse thinkers to broaden your perspective on change?"""
Band 5A,Problem Solving,Framing,101,"""How often do you reframe complex issues in terms of strategic impact rather than symptoms?"""
Band 5A,Problem Solving,Framing,102,"""When assigned a problem, how often do you align the problem definition with organizational priorities before acting?"""
Band 5A,Problem Solving,Framing,103,"""How often do you clarify stakeholders’ different definitions of success to avoid misaligned solutions?"""
Band 5A,Problem Solving,Framing,104,"""How often do you distinguish root causes from visible effects through data triangulation?"""
Band 5A,Problem Solving,Framing,105,"""How often do you state the business question and success criteria clearly for all functions involved?"""
Band 5A,Problem Solving,Depth,106,"""How often do you map interdependencies across functions to see how one issue affects another?"""
Band 5A,Problem Solving,Depth,107,"""How often do you break large ambiguous problems into analyzable workstreams with owners?"""
Band 5A,Problem Solving,Depth,108,"""How often do you compare multiple data-backed options before recommending a direction?"""
Band 5A,Problem Solving,Depth,109,"""How often do you evaluate risks and trade-offs (impact vs effort vs reputation) objectively?"""
Band 5A,Problem Solving,Depth,110,"""How often do you use visual frameworks (cause-effect, fishbone, decision trees) to clarify thinking?"""
Band 5A,Problem Solving,Innovation,111,"""How often do you generate multiple creative solutions and test them for feasibility?"""
Band 5A,Problem Solving,Innovation,112,"""How often do you leverage past success patterns from other projects to reduce reinvention?"""
Band 5A,Problem Solving,Innovation,113,"""How often do you validate solutions with end-users or stakeholders early via pilots/prototypes?"""
Band 5A,Problem Solving,Innovation,114,"""How often do you design solutions that address the 'system' rather than just the immediate error?"""
Band 5A,Problem Solving,Innovation,115,"""How often do you ensure that solutions are documented and traceable for future teams?"""
Band 5A,Problem Solving,Maturity,116,"""How often do you base final decisions on a balance of qualitative insight and quantitative data?"""
Band 5A,Problem Solving,Maturity,117,"""How often do you acknowledge the limitations or biases in the data you are using?"""
Band 5A,Problem Solving,Maturity,118,"""How often do you make timely decisions even when information is incomplete?"""
Band 5A,Problem Solving,Maturity,119,"""How often do you document the rationale behind a decision to ensure long-term accountability?"""
Band 5A,Problem Solving,Maturity,120,"""How often do you review past decisions to see if they achieved the intended success criteria?"""
Band 5A,Problem Solving,Learning,121,"""How often do you conduct formal root-cause analysis (RCA) on systemic failures?"""
Band 5A,Problem Solving,Learning,122,"""How often do you turn 'ad-hoc' fixes into repeatable processes or automation?"""
Band 5A,Problem Solving,Learning,123,"""How often do you share 'failed experiments' with the wider organization to prevent repeat mistakes?"""
Band 5A,Problem Solving,Learning,124,"""How often do you coach others on using structured problem-solving frameworks?"""
Band 5A,Problem Solving,Learning,125,"""How often do you use post-decision reviews to refine the organization's analytical approach?"""
